Date,HomeTeam,AwayTeam,FTHG,FTAG,FTR,HTHG,HTAG,HTR,HS,AS,HST,AST,HF,AF,HC,AC,HY,AY,HR,AR,Referee,Season
2001-08-18,Charlton,Everton,1,2,A,0,0,D,8,12,4,9,15,17,4,4,0,3,0,0,N. S. Barry,2001/02
2001-08-18,Derby,Blackburn,2,1,H,1,0,H,7,14,3,4,14,15,4,10,1,0,0,0,P. A. Durkin,2001/02
2001-08-18,Leeds,Southampton,2,0,H,0,0,D,16,11,6,6,16,24,10,3,1,2,0,1,C. R. Wilkes ,2001/02
2001-08-18,Leicester,Bolton,0,5,A,0,4,A,6,18,1,8,21,17,3,5,4,3,0,0,R. Styles,2001/02
2001-08-18,Liverpool,West Ham,2,1,H,1,1,D,9,3,6,3,13,12,5,3,1,5,0,0,J. T. Winter,2001/02
2001-08-18,Middlesbrough,Arsenal,0,4,A,0,1,A,6,14,2,9,13,19,2,6,2,3,1,1,G. P. Barber,2001/02
2001-08-18,Sunderland,Ipswich,1,0,H,1,0,H,12,10,6,4,22,20,1,1,0,1,0,0,G. Poll,2001/02
2001-08-18,Tottenham,Aston Villa,0,0,D,0,0,D,8,11,2,2,12,17,6,5,3,2,0,0,D. J. Gallagher,2001/02
2001-08-19,Chelsea,Newcastle,1,1,D,1,0,H,13,9,8,3,19,20,12,7,3,4,0,0,A. P. D'Urso ,2001/02
2001-08-19,Man United,Fulham,3,2,H,1,1,D,12,8,6,5,17,19,6,4,0,1,0,0,P. Jones ,2001/02
2001-08-20,Everton,Tottenham,1,1,D,0,1,A,18,7,11,2,15,12,8,0,3,2,0,2,D. R. Elleray ,2001/02
2001-08-21,Arsenal,Leeds,1,2,A,1,1,D,14,5,5,2,28,29,10,2,4,5,0,2,J. T. Winter ,2001/02
2001-08-21,Bolton,Middlesbrough,1,0,H,1,0,H,13,11,3,4,19,16,5,2,1,1,0,0,S. W. Dunn ,2001/02
2001-08-21,Ipswich,Derby,3,1,H,1,0,H,30,2,18,2,21,14,19,2,0,3,0,1,E. K. Wolstenholme ,2001/02
2001-08-22,Blackburn,Man United,2,2,D,0,1,A,12,18,5,7,18,16,3,8,2,1,1,0,A. G. Wiley ,2001/02
2001-08-22,Fulham,Sunderland,2,0,H,0,0,D,13,8,5,3,18,20,8,9,0,2,0,0,B. Knight ,2001/02
2001-08-25,Arsenal,Leicester,4,0,H,2,0,H,20,2,11,0,14,20,9,0,1,4,1,1,A. P. D'Urso ,2001/02
2001-08-25,Blackburn,Tottenham,2,1,H,1,0,H,12,12,7,5,14,11,3,6,1,1,0,0,S. G. Bennett,2001/02
2001-08-25,Everton,Middlesbrough,2,0,H,1,0,H,7,5,5,1,25,23,3,6,2,1,0,0,U. D. Rennie,2001/02
2001-08-25,Fulham,Derby,0,0,D,0,0,D,10,9,1,2,12,14,11,3,2,3,0,0,M. L Dean,2001/02
2001-08-25,Ipswich,Charlton,0,1,A,0,0,D,17,13,11,6,22,20,6,1,2,6,0,0,S. W. Dunn ,2001/02
2001-08-25,Southampton,Chelsea,0,2,A,0,1,A,8,7,2,2,13,18,6,2,0,1,0,0,D. R. Elleray ,2001/02
2001-08-25,West Ham,Leeds,0,0,D,0,0,D,11,10,3,4,19,14,5,8,3,2,0,0,P. A. Durkin ,2001/02
2001-08-26,Aston Villa,Man United,1,1,D,1,0,H,11,13,4,7,9,12,5,5,0,2,0,0,G. P. Barber ,2001/02
2001-08-26,Newcastle,Sunderland,1,1,D,1,1,D,16,6,6,3,19,18,10,4,2,2,0,0,M. A. Riley ,2001/02
2001-08-27,Bolton,Liverpool,2,1,H,1,0,H,11,18,4,7,13,11,4,6,2,2,0,0,G. Poll ,2001/02
2001-09-08,Chelsea,Arsenal,1,1,D,1,1,D,10,14,5,11,20,20,5,6,1,5,1,0,M. A. Riley ,2001/02
2001-09-08,Derby,West Ham,0,0,D,0,0,D,6,10,3,4,22,19,3,4,5,2,0,0,C. R. Wilkes,2001/02
2001-09-08,Leeds,Bolton,0,0,D,0,0,D,11,8,6,4,13,17,7,5,1,1,0,0,S. G. Bennett,2001/02
2001-09-08,Leicester,Ipswich,1,1,D,0,1,A,12,13,7,9,26,24,6,3,3,3,1,1,B. Knight,2001/02
2001-09-08,Liverpool,Aston Villa,1,3,A,0,1,A,12,10,7,7,19,14,7,0,3,1,1,0,A. P. D'Urso,2001/02
2001-09-08,Man United,Everton,4,1,H,2,0,H,18,5,9,1,7,11,6,2,0,1,0,0,D. J. Gallagher,2001/02
2001-09-08,Middlesbrough,Newcastle,1,4,A,1,1,D,8,8,4,5,15,17,3,3,1,3,1,0,G. Poll,2001/02
2001-09-08,Sunderland,Blackburn,1,0,H,0,0,D,11,10,4,4,9,14,4,10,2,3,0,0,M. L Dean,2001/02
2001-09-09,Charlton,Fulham,1,1,D,1,1,D,7,16,4,5,22,12,5,6,2,1,0,0,J. T. Winter,2001/02
2001-09-09,Tottenham,Southampton,2,0,H,0,0,D,18,15,6,6,15,16,3,3,0,0,0,0,A. G. Wiley,2001/02
2001-09-15,Bolton,Southampton,0,1,A,0,0,D,4,10,0,6,11,19,3,2,1,1,0,0,D. Pugh,2001/02
2001-09-15,Derby,Leicester,2,3,A,1,1,D,15,12,9,6,16,23,8,8,5,3,0,0,G. P. Barber,2001/02
2001-09-15,Everton,Liverpool,1,3,A,1,2,A,11,13,5,9,16,13,4,2,0,1,0,0,P.A. Durkin,2001/02
2001-09-15,Fulham,Arsenal,1,3,A,0,1,A,6,11,3,6,18,20,4,5,3,4,0,0,A.G. Wiley,2001/02
2001-09-15,Middlesbrough,West Ham,2,0,H,2,0,H,13,5,5,1,16,23,8,1,2,3,0,1,M. A. Riley,2001/02
2001-09-15,Newcastle,Man United,4,3,H,2,1,H,15,10,8,7,17,16,8,5,2,1,0,1,S. G. Bennett,2001/02
2001-09-16,Aston Villa,Sunderland,0,0,D,0,0,D,8,4,3,2,20,25,10,3,0,4,0,0,U. D. Rennie,2001/02
2001-09-16,Charlton,Leeds,0,2,A,0,1,A,9,20,4,9,13,14,8,9,2,1,1,0,M. R. Halsey,2001/02
2001-09-16,Ipswich,Blackburn,1,1,D,1,0,H,20,6,10,4,8,15,6,13,3,1,0,0,G. Poll,2001/02
2001-09-16,Tottenham,Chelsea,2,3,A,0,1,A,11,6,4,4,10,12,6,6,1,4,0,1,S. W. Dunn,2001/02
2001-09-17,Leicester,Middlesbrough,1,2,A,1,0,H,10,13,5,6,19,15,4,2,0,1,0,0,N. S. Barry,2001/02
2001-09-19,Blackburn,Bolton,1,1,D,0,0,D,20,10,8,5,14,15,10,2,0,4,0,0,J. T. Winter,2001/02
2001-09-19,Sunderland,Tottenham,1,2,A,0,1,A,14,13,8,6,9,14,11,4,1,2,0,0,P. A. Durkin,2001/02
2001-09-22,Arsenal,Bolton,1,1,D,0,0,D,23,7,12,4,9,11,17,0,1,1,0,1,C. R. Wilkes,2001/02
2001-09-22,Blackburn,Everton,1,0,H,1,0,H,13,14,6,7,18,17,5,4,1,2,0,0,G. P. Barber,2001/02
2001-09-22,Leicester,Fulham,0,0,D,0,0,D,12,6,5,2,15,21,4,4,2,2,0,0,E. K. Wolstenholme,2001/02
2001-09-22,Liverpool,Tottenham,1,0,H,0,0,D,14,11,6,5,12,9,2,5,0,1,0,0,D. J. Gallagher,2001/02
2001-09-22,Man United,Ipswich,4,0,H,2,0,H,13,8,8,1,14,17,8,4,0,1,0,0,N. S. Barry,2001/02
2001-09-22,Sunderland,Charlton,2,2,D,0,1,A,22,13,13,5,20,13,9,8,2,3,0,0,A. P. D'Urso,2001/02
2001-09-23,Chelsea,Middlesbrough,2,2,D,2,0,H,8,4,3,2,17,15,8,2,4,1,0,0,R. Styles,2001/02
2001-09-23,Leeds,Derby,3,0,H,1,0,H,19,9,10,2,26,17,9,3,1,2,0,0,A. G. Wiley,2001/02
2001-09-23,West Ham,Newcastle,3,0,H,1,0,H,17,8,9,5,20,17,10,7,3,0,0,0,P. Jones,2001/02
2001-09-24,Southampton,Aston Villa,1,3,A,1,2,A,12,11,4,5,15,18,2,3,1,2,1,1,S. W. Dunn,2001/02
2001-09-26,Newcastle,Leicester,1,0,H,1,0,H,12,2,6,2,17,27,10,1,2,3,0,0,D. Pugh,2001/02
2001-09-29,Bolton,Sunderland,0,2,A,0,0,D,15,14,8,7,10,13,8,4,1,1,0,0,D. R. Elleray,2001/02
2001-09-29,Charlton,Leicester,2,0,H,1,0,H,14,9,12,6,12,11,4,4,1,2,1,1,M. L. Dean,2001/02
2001-09-29,Derby,Arsenal,0,2,A,0,1,A,7,11,5,6,18,19,2,5,3,3,0,1,R. Styles,2001/02
2001-09-29,Everton,West Ham,5,0,H,1,0,H,18,15,11,5,15,8,8,4,0,0,0,0,P. A. Durkin,2001/02
2001-09-29,Middlesbrough,Southampton,1,3,A,0,0,D,5,8,3,4,16,17,6,0,0,1,0,0,A. G. Wiley,2001/02
2001-09-29,Tottenham,Man United,3,5,A,3,0,H,7,18,3,9,16,10,4,7,3,3,0,0,J. T. Winter,2001/02
2001-09-30,Aston Villa,Blackburn,2,0,H,0,0,D,5,4,2,1,9,15,2,8,2,2,0,0,M. R. Halsey,2001/02
2001-09-30,Fulham,Chelsea,1,1,D,0,1,A,4,9,1,3,5,14,5,7,1,4,0,1,G. Poll,2001/02
2001-09-30,Ipswich,Leeds,1,2,A,1,0,H,11,11,6,7,8,8,10,8,0,1,0,0,A. P. D'Urso,2001/02
2001-09-30,Newcastle,Liverpool,0,2,A,0,1,A,7,6,3,2,14,23,7,0,1,4,0,0,G. P. Barber,2001/02
2001-10-13,Bolton,Newcastle,0,4,A,0,1,A,9,15,3,8,10,9,7,8,2,2,1,0,M. A. Riley,2001/02
2001-10-13,Charlton,Middlesbrough,0,0,D,0,0,D,8,11,4,4,14,13,13,4,2,1,0,0,D. R. Elleray,2001/02
2001-10-13,Chelsea,Leicester,2,0,H,2,0,H,22,8,10,2,9,13,5,3,0,0,0,0,J. T. Winter,2001/02
2001-10-13,Ipswich,Everton,0,0,D,0,0,D,7,9,4,6,8,5,8,6,0,1,0,0,C. R. Wilkes,2001/02
2001-10-13,Liverpool,Leeds,1,1,D,0,1,A,10,9,2,3,11,14,6,4,3,2,0,0,A. G. Wiley,2001/02
2001-10-13,Southampton,Arsenal,0,2,A,0,1,A,3,21,0,8,15,9,1,6,2,1,1,0,G. P. Barber,2001/02
2001-10-13,Sunderland,Man United,1,3,A,0,1,A,15,13,7,8,12,15,3,4,0,0,0,0,G. Poll,2001/02
2001-10-14,Aston Villa,Fulham,2,0,H,0,0,D,9,11,3,3,9,8,5,2,1,1,0,0,P. A. Durkin,2001/02
2001-10-14,Blackburn,West Ham,7,1,H,3,1,H,24,12,14,5,8,6,7,7,1,3,0,1,A. P. D'Urso,2001/02
2001-10-15,Tottenham,Derby,3,1,H,2,1,H,24,8,12,6,11,6,16,2,0,2,0,0,M. R. Halsey,2001/02
2001-10-20,Arsenal,Blackburn,3,3,D,0,1,A,18,9,11,5,13,20,5,4,1,2,0,0,U. D. Rennie,2001/02
2001-10-20,Derby,Charlton,1,1,D,1,0,H,10,11,5,7,12,11,5,5,3,0,0,0,A. P. D'Urso,2001/02
2001-10-20,Everton,Aston Villa,3,2,H,1,0,H,10,11,6,3,15,14,8,4,0,1,0,0,R. Styles,2001/02
2001-10-20,Leicester,Liverpool,1,4,A,0,3,A,8,12,3,6,11,13,6,6,1,2,0,0,M. R. Halsey,2001/02
2001-10-20,Man United,Bolton,1,2,A,1,1,D,13,7,6,2,11,6,8,0,0,0,0,0,G. P. Barber,2001/02
2001-10-20,West Ham,Southampton,2,0,H,0,0,D,20,10,8,3,16,16,10,7,0,1,0,1,N. S. Barry,2001/02
2001-10-21,Fulham,Ipswich,1,1,D,1,0,H,7,6,3,2,25,17,3,3,2,3,1,0,M. A. Riley,2001/02
2001-10-21,Leeds,Chelsea,0,0,D,0,0,D,18,14,12,6,20,17,10,8,2,3,0,0,P. A. Durkin,2001/02
2001-10-21,Newcastle,Tottenham,0,2,A,0,2,A,8,9,3,3,16,10,7,2,2,1,0,0,A. G. Wiley,2001/02
2001-10-22,Middlesbrough,Sunderland,2,0,H,2,0,H,7,15,5,5,18,16,4,5,1,2,1,0,M. R. Halsey,2001/02
2001-10-24,Aston Villa,Charlton,1,0,H,1,0,H,16,4,6,0,6,8,3,4,0,0,0,0,D. Pugh,2001/02
2001-10-24,Southampton,Ipswich,3,3,D,2,1,H,11,10,6,5,14,5,4,7,2,1,0,0,U. D. Rennie,2001/02
2001-10-24,West Ham,Chelsea,2,1,H,2,1,H,10,15,4,5,11,6,1,8,0,0,0,0,D. J. Gallagher,2001/02
2001-10-27,Aston Villa,Bolton,3,2,H,2,1,H,10,9,7,5,13,16,6,2,2,3,0,0,E. K. Wolstenholme,2001/02
2001-10-27,Charlton,Liverpool,0,2,A,0,2,A,14,5,4,4,12,13,13,1,0,1,0,1,P. Jones,2001/02
2001-10-27,Everton,Newcastle,1,3,A,0,1,A,18,6,8,4,8,15,13,3,1,2,0,0,J. T. Winter,2001/02
2001-10-27,Fulham,Southampton,2,1,H,2,1,H,19,11,5,5,8,14,6,4,0,2,0,0,A. P. D'Urso,2001/02
2001-10-27,Man United,Leeds,1,1,D,0,0,D,18,12,6,6,16,15,6,2,3,3,0,0,D. J. Gallagher,2001/02
2001-10-27,Sunderland,Arsenal,1,1,D,0,1,A,10,14,6,5,12,22,7,6,3,3,0,0,M. A. Riley,2001/02
2001-10-27,Tottenham,Middlesbrough,2,1,H,0,1,A,10,8,4,3,11,12,8,5,0,0,0,0,M. L Dean,2001/02
2001-10-28,Derby,Chelsea,1,1,D,1,0,H,13,19,8,8,14,11,4,10,1,4,0,0,S. G. Bennett,2001/02
2001-10-28,Ipswich,West Ham,2,3,A,0,1,A,12,12,8,4,16,11,8,9,2,2,0,0,S. W. Dunn,2001/02
2001-10-29,Blackburn,Leicester,0,0,D,0,0,D,12,10,3,5,11,7,7,1,6,2,0,0,R. Styles,2001/02
2001-11-03,Bolton,Everton,2,2,D,1,1,D,16,11,8,6,13,13,9,3,4,2,1,0,A. P. D'Urso,2001/02
2001-11-03,Leicester,Sunderland,1,0,H,0,0,D,9,11,5,4,13,20,7,7,1,3,0,0,S. W. Dunn,2001/02
2001-11-03,Middlesbrough,Derby,5,1,H,0,0,D,11,6,7,4,10,12,6,4,0,1,0,0,N. S. Barry,2001/02
2001-11-03,Newcastle,Aston Villa,3,0,H,1,0,H,17,10,7,2,15,7,13,8,0,3,0,0,C. R. Wilkes,2001/02
2001-11-03,Southampton,Blackburn,1,2,A,1,1,D,16,6,6,5,19,18,10,4,1,1,0,0,A. G. Wiley,2001/02
2001-11-03,West Ham,Fulham,0,2,A,0,1,A,12,14,6,6,13,18,10,8,1,3,0,0,G. P. Barber,2001/02
2001-11-04,Arsenal,Charlton,2,4,A,1,2,A,26,9,12,4,9,11,4,6,3,2,0,0,M. R. Halsey,2001/02
2001-11-04,Chelsea,Ipswich,2,1,H,1,0,H,15,7,6,3,12,17,5,6,0,2,0,0,R. Styles,2001/02
2001-11-04,Leeds,Tottenham,2,1,H,0,0,D,20,11,9,4,9,15,7,3,1,3,0,0,S. G. Bennett,2001/02
2001-11-04,Liverpool,Man United,3,1,H,2,0,H,8,10,5,3,9,13,1,1,0,0,0,0,G. Poll,2001/02
2001-11-17,Aston Villa,Middlesbrough,0,0,D,0,0,D,8,11,5,2,16,9,5,3,1,2,0,0,P. Jones,2001/02
2001-11-17,Blackburn,Liverpool,1,1,D,0,1,A,5,5,5,2,17,10,6,3,2,0,0,0,M. A. Riley,2001/02
2001-11-17,Derby,Southampton,1,0,H,1,0,H,9,8,3,4,13,13,7,6,0,1,0,0,P. A. Durkin,2001/02
2001-11-17,Fulham,Newcastle,3,1,H,2,0,H,8,7,8,1,10,18,4,4,0,6,0,0,E. K. Wolstenholme,2001/02
2001-11-17,Man United,Leicester,2,0,H,1,0,H,14,8,7,4,10,10,10,4,2,1,0,0,A. P. D'Urso,2001/02
2001-11-17,Tottenham,Arsenal,1,1,D,0,0,D,9,5,4,5,18,16,9,6,2,1,0,0,J. T. Winter,2001/02
2001-11-18,Everton,Chelsea,0,0,D,0,0,D,12,14,4,7,11,11,8,4,1,3,0,0,M. R. Halsey,2001/02
2001-11-18,Ipswich,Bolton,1,2,A,1,2,A,8,10,4,5,8,16,12,2,0,2,0,0,S. G. Bennett,2001/02
2001-11-18,Sunderland,Leeds,2,0,H,0,0,D,12,12,5,6,25,11,5,3,1,3,0,0,G. P. Barber,2001/02
2001-11-19,Charlton,West Ham,4,4,D,2,2,D,18,11,9,7,8,13,13,4,1,2,0,0,A. G. Wiley,2001/02
2001-11-24,Bolton,Fulham,0,0,D,0,0,D,11,7,5,1,11,9,2,3,1,1,0,0,M. L Dean,2001/02
2001-11-24,Chelsea,Blackburn,0,0,D,0,0,D,14,8,8,2,13,7,7,3,0,2,0,0,G. Poll,2001/02
2001-11-24,Leicester,Everton,0,0,D,0,0,D,8,8,7,3,18,21,7,2,2,1,0,0,U. D. Rennie,2001/02
2001-11-24,Newcastle,Derby,1,0,H,1,0,H,17,8,10,4,10,14,8,6,1,2,0,0,R. Styles,2001/02
2001-11-24,Southampton,Charlton,1,0,H,0,0,D,15,7,8,4,10,16,10,5,0,1,0,0,D. J. Gallagher,2001/02
2001-11-24,West Ham,Tottenham,0,1,A,0,0,D,10,10,6,3,18,13,4,2,2,2,0,0,D. R. Elleray,2001/02
2001-11-25,Arsenal,Man United,3,1,H,0,1,A,14,2,10,1,12,19,11,2,2,3,0,0,P. Jones,2001/02
2001-11-25,Leeds,Aston Villa,1,1,D,1,1,D,16,15,9,8,15,15,7,6,2,2,1,0,N. S. Barry,2001/02
2001-11-25,Liverpool,Sunderland,1,0,H,1,0,H,7,12,3,5,9,12,4,3,1,3,1,0,S. G. Bennett,2001/02
2001-11-25,Middlesbrough,Ipswich,0,0,D,0,0,D,9,11,4,3,5,8,3,5,0,0,0,0,D. Pugh,2001/02
2001-12-01,Aston Villa,Leicester,0,2,A,0,1,A,11,6,7,4,8,14,7,8,0,4,1,0,S. G. Bennett,2001/02
2001-12-01,Blackburn,Middlesbrough,0,1,A,0,1,A,14,8,4,5,8,9,7,3,1,2,0,0,B. Knight,2001/02
2001-12-01,Charlton,Newcastle,1,1,D,0,0,D,15,12,7,6,7,11,3,7,1,2,0,1,A. P. D'Urso,2001/02
2001-12-01,Derby,Liverpool,0,1,A,0,1,A,12,7,4,5,9,14,5,9,1,2,0,0,G. P. Barber,2001/02
2001-12-01,Ipswich,Arsenal,0,2,A,0,1,A,7,7,2,3,4,9,12,5,0,2,0,0,D. R. Elleray,2001/02
2001-12-01,Man United,Chelsea,0,3,A,0,1,A,12,14,5,5,9,16,7,2,2,3,0,0,A. G. Wiley,2001/02
2001-12-01,Sunderland,West Ham,1,0,H,0,0,D,15,10,6,5,12,16,3,3,3,0,0,0,P. Jones,2001/02
2001-12-02,Everton,Southampton,2,0,H,0,0,D,13,10,7,4,19,13,5,6,0,1,0,0,J.T. Winter,2001/02
2001-12-02,Fulham,Leeds,0,0,D,0,0,D,13,6,5,5,11,21,5,5,1,2,0,0,G. Poll,2001/02
2001-12-03,Tottenham,Bolton,3,2,H,0,1,A,14,9,6,6,10,14,5,6,0,2,0,0,P. A. Durkin,2001/02
2001-12-05,Chelsea,Charlton,0,1,A,0,0,D,20,11,5,5,13,10,8,1,1,1,0,0,D. J. Gallagher,2001/02
2001-12-05,West Ham,Aston Villa,1,1,D,0,1,A,14,12,8,5,10,15,5,6,2,1,0,0,M. L Dean,2001/02
2001-12-08,Charlton,Tottenham,3,1,H,2,0,H,11,14,6,5,10,12,9,9,3,1,0,0,S. W. Dunn,2001/02
2001-12-08,Derby,Bolton,1,0,H,0,0,D,16,6,6,3,11,24,5,4,0,4,0,0,M. D. Messias,2001/02
2001-12-08,Fulham,Everton,2,0,H,1,0,H,10,5,4,3,15,25,6,7,2,4,1,1,P. Dowd,2001/02
2001-12-08,Leicester,Southampton,0,4,A,0,1,A,8,10,4,5,13,15,5,4,1,0,0,0,G. Poll,2001/02
2001-12-08,Liverpool,Middlesbrough,2,0,H,2,0,H,8,4,5,2,7,10,4,6,0,2,0,0,D. J. Gallagher,2001/02
2001-12-08,Man United,West Ham,0,1,A,0,0,D,17,8,6,4,18,8,12,4,5,3,0,0,P. A. Durkin,2001/02
2001-12-09,Arsenal,Aston Villa,3,2,H,0,2,A,15,8,8,5,18,14,9,3,4,0,0,0,A. G. Wiley,2001/02
2001-12-09,Blackburn,Leeds,1,2,A,0,0,D,14,10,6,7,15,18,8,7,1,5,0,0,A. P. D'Urso,2001/02
2001-12-09,Ipswich,Newcastle,0,1,A,0,1,A,9,7,5,5,3,3,8,2,3,1,0,0,R. Styles,2001/02
2001-12-09,Sunderland,Chelsea,0,0,D,0,0,D,11,10,6,3,11,15,6,6,1,3,0,0,N. S. Barry,2001/02
2001-12-12,Liverpool,Fulham,0,0,D,0,0,D,16,8,7,4,17,11,7,3,0,0,0,0,J. T. Winter,2001/02
2001-12-12,Man United,Derby,5,0,H,2,0,H,20,8,11,5,8,13,5,6,1,2,0,0,M. R. Halsey,2001/02
2001-12-15,Bolton,Charlton,0,0,D,0,0,D,13,6,6,4,13,13,7,4,1,2,0,0,C. J. Foy,2001/02
2001-12-15,Everton,Derby,1,0,H,0,0,D,22,3,12,2,9,15,9,3,1,1,0,0,C. R. Wilkes,2001/02
2001-12-15,Middlesbrough,Man United,0,1,A,0,0,D,6,14,3,5,11,14,5,8,2,3,0,0,D. R. Elleray,2001/02
2001-12-15,Newcastle,Blackburn,2,1,H,0,1,A,15,8,6,6,8,15,10,6,0,3,0,0,S. W. Dunn,2001/02
2001-12-15,Southampton,Sunderland,2,0,H,1,0,H,14,5,5,3,11,13,3,1,1,2,0,0,D. Pugh,2001/02
2001-12-15,Tottenham,Fulham,4,0,H,2,0,H,10,12,6,1,18,15,3,6,3,2,0,0,N. S. Barry,2001/02
2001-12-15,West Ham,Arsenal,1,1,D,1,1,D,8,16,4,6,10,14,7,6,4,3,0,0,M. A. Riley,2001/02
2001-12-16,Chelsea,Liverpool,4,0,H,2,0,H,16,16,10,8,15,10,5,6,2,3,0,0,M. R. Halsey,2001/02
2001-12-16,Leeds,Leicester,2,2,D,1,0,H,14,5,7,4,6,15,8,3,1,3,0,0,R. Styles,2001/02
2001-12-17,Aston Villa,Ipswich,2,1,H,1,1,D,10,14,5,3,16,10,1,4,0,1,0,0,M. L Dean,2001/02
2001-12-18,Arsenal,Newcastle,1,3,A,1,0,H,19,4,8,3,10,19,4,4,3,3,1,1,G. Poll,2001/02
2001-12-19,Leeds,Everton,3,2,H,2,0,H,18,8,7,3,12,13,5,2,1,1,0,0,P. Jones ,2001/02
2001-12-22,Charlton,Blackburn,0,2,A,0,0,D,10,7,2,4,16,19,4,3,2,3,0,0,"Wiley, A. G.",2001/02
2001-12-22,Derby,Aston Villa,3,1,H,1,1,D,10,10,7,3,11,15,4,5,0,1,0,0,"Elleray, D. R.",2001/02
2001-12-22,Leeds,Newcastle,3,4,A,1,1,D,15,13,6,7,19,17,2,9,2,1,0,0,"Winter, J. T.",2001/02
2001-12-22,Leicester,West Ham,1,1,D,1,0,H,10,7,4,3,8,15,6,7,2,2,1,0,"Wolstenholme, E. K.",2001/02
2001-12-22,Man United,Southampton,6,1,H,3,0,H,12,6,7,3,13,10,8,6,1,1,0,0,"Dunn, S. W.",2001/02
2001-12-22,Sunderland,Everton,1,0,H,0,0,D,10,8,5,5,18,15,6,5,1,4,0,0,"Knight, B.",2001/02
2001-12-22,Tottenham,Ipswich,1,2,A,1,1,D,12,12,6,4,22,16,9,5,1,2,1,0,"Riley, M. A.",2001/02
2001-12-23,Chelsea,Bolton,5,1,H,2,1,H,16,10,5,4,7,21,4,4,2,2,0,0,"Rennie, U. D.",2001/02
2001-12-23,Liverpool,Arsenal,1,2,A,0,1,A,15,11,2,3,12,20,6,4,1,4,0,1,"Durkin, P. A.",2001/02
2001-12-26,Arsenal,Chelsea,2,1,H,0,1,A,11,9,7,3,18,21,4,5,2,4,0,0,"Barber, G. P.",2001/02
2001-12-26,Aston Villa,Liverpool,1,2,A,1,1,D,10,12,5,6,10,9,7,3,1,0,0,0,"D'Urso, A. P.",2001/02
2001-12-26,Blackburn,Sunderland,0,3,A,0,2,A,7,13,3,7,24,23,3,5,1,2,1,0,"Wilkes, C. R.",2001/02
2001-12-26,Bolton,Leeds,0,3,A,0,2,A,17,8,2,5,15,20,11,2,1,3,0,0,"Wiley, A. G.",2001/02
2001-12-26,Everton,Man United,0,2,A,0,0,D,10,11,5,7,11,12,4,11,0,1,0,0,"Rennie, U. D.",2001/02
2001-12-26,Fulham,Charlton,0,0,D,0,0,D,10,8,4,3,5,14,4,9,2,1,0,0,"Bennett, S. G.",2001/02
2001-12-26,Ipswich,Leicester,2,0,H,0,0,D,12,3,6,1,2,6,3,10,0,2,0,0,"Barry, N. S.",2001/02
2001-12-26,Newcastle,Middlesbrough,3,0,H,1,0,H,18,5,9,2,18,12,10,2,0,1,0,0,"Halsey, M. R.",2001/02
2001-12-26,Southampton,Tottenham,1,0,H,0,0,D,6,10,5,6,15,16,4,13,0,3,0,0,"Jones, P.",2001/02
2001-12-26,West Ham,Derby,4,0,H,1,0,H,14,6,9,3,13,19,3,1,1,3,0,1,"Poll, G.",2001/02
2001-12-29,Arsenal,Middlesbrough,2,1,H,0,1,A,16,3,6,2,17,13,9,1,3,4,0,0,"D'Urso, A. P.",2001/02
2001-12-29,Aston Villa,Tottenham,1,1,D,0,1,A,12,7,7,4,12,10,12,1,0,3,0,0,"Wolstenholme, E. K.",2001/02
2001-12-29,Blackburn,Derby,0,1,A,0,1,A,16,7,5,5,13,20,13,4,2,4,0,0,"Pugh, D.",2001/02
2001-12-29,Bolton,Leicester,2,2,D,1,2,A,5,14,3,8,11,15,4,10,2,3,2,1,"Riley, M. A.",2001/02
2001-12-29,Everton,Charlton,0,3,A,0,1,A,7,8,3,4,16,12,3,6,1,3,0,0,"Barber, G. P.",2001/02
2001-12-29,Ipswich,Sunderland,5,0,H,4,0,H,13,10,8,3,6,4,3,3,1,1,0,0,"Poll, G.",2001/02
2001-12-29,Newcastle,Chelsea,1,2,A,1,2,A,10,12,7,8,11,21,5,3,0,3,0,0,"Bennett, S. G.",2001/02
2001-12-29,Southampton,Leeds,0,1,A,0,0,D,12,13,6,7,17,15,3,5,1,1,0,0,"Halsey, M. R.",2001/02
2001-12-29,West Ham,Liverpool,1,1,D,1,0,H,17,12,8,8,5,8,9,5,1,0,0,0,"Styles, R.",2001/02
2001-12-30,Fulham,Man United,2,3,A,1,2,A,17,19,9,10,14,8,4,3,0,2,0,0,"Gallagher, D. J.",2001/02
2002-01-01,Charlton,Ipswich,3,2,H,2,2,D,13,6,8,4,19,12,11,4,2,2,0,0,"Rennie, U. D.",2001/02
2002-01-01,Chelsea,Southampton,2,4,A,2,1,H,13,8,6,5,14,18,2,6,2,1,0,0,"Wolstenholme, E. K.",2001/02
2002-01-01,Leeds,West Ham,3,0,H,2,0,H,12,9,11,4,15,8,8,6,3,2,0,0,"Dunn, S. W.",2001/02
2002-01-01,Liverpool,Bolton,1,1,D,0,0,D,15,7,5,6,8,15,4,8,1,4,0,0,"Wilkes, C. R.",2001/02
2002-01-01,Middlesbrough,Everton,1,0,H,0,0,D,10,11,4,3,12,10,5,6,1,2,0,0,"Styles, R.",2001/02
2002-01-01,Sunderland,Aston Villa,1,1,D,0,0,D,18,8,11,4,14,13,7,0,1,3,0,0,"Riley, M. A.",2001/02
2002-01-01,Tottenham,Blackburn,1,0,H,1,0,H,12,11,7,7,14,17,7,9,0,1,0,0,"Winter, J. T.",2001/02
2002-01-02,Derby,Fulham,0,1,A,0,0,D,10,8,0,4,17,7,10,3,1,2,0,0,"Knight, B.",2001/02
2002-01-02,Man United,Newcastle,3,1,H,1,0,H,11,11,7,6,11,8,6,5,1,1,0,0,"Jones, P.",2001/02
2002-01-09,Southampton,Liverpool,2,0,H,0,0,D,9,7,7,4,12,7,5,6,0,1,0,0,"Poll, G.",2001/02
2002-01-12,Aston Villa,Derby,2,1,H,2,1,H,9,3,5,1,15,13,4,1,2,3,0,1,"Halsey, M. R.",2001/02
2002-01-12,Blackburn,Charlton,4,1,H,2,0,H,18,9,11,6,12,11,7,2,0,0,0,1,"Barry, N. S.",2001/02
2002-01-12,Bolton,Chelsea,2,2,D,0,0,D,11,9,5,4,10,11,10,3,0,1,0,0,"Winter, J. T.",2001/02
2002-01-12,Everton,Sunderland,1,0,H,1,0,H,9,6,5,1,11,16,4,5,1,1,0,0,"Elleray, D. R.",2001/02
2002-01-12,Fulham,Middlesbrough,2,1,H,2,1,H,19,8,11,4,15,18,10,2,1,2,0,0,"Dean, M. L",2001/02
2002-01-12,Ipswich,Tottenham,2,1,H,1,0,H,8,11,5,6,3,1,5,5,0,1,0,0,"Messias, M. D.",2001/02
2002-01-12,Newcastle,Leeds,3,1,H,1,1,D,16,8,8,6,17,28,6,1,3,6,0,1,"Barber, G. P.",2001/02
2002-01-12,West Ham,Leicester,1,0,H,1,0,H,11,5,7,3,10,11,5,4,1,2,0,0,"Gallagher, D. J.",2001/02
2002-01-13,Arsenal,Liverpool,1,1,D,0,0,D,11,5,4,2,15,16,3,1,1,1,0,0,"Dunn, S. W.",2001/02
2002-01-13,Southampton,Man United,1,3,A,1,2,A,12,11,4,7,11,8,8,6,1,1,0,0,"Bennett, S. G.",2001/02
2002-01-19,Derby,Ipswich,1,3,A,0,0,D,13,13,5,5,7,16,3,3,0,2,0,0,"Durkin, P. A.",2001/02
2002-01-19,Leicester,Newcastle,0,0,D,0,0,D,8,9,4,3,17,19,6,11,2,2,0,0,"Wiley, A. G.",2001/02
2002-01-19,Liverpool,Southampton,1,1,D,1,0,H,9,6,5,2,10,17,8,3,0,1,0,0,"Barry, N. S.",2001/02
2002-01-19,Man United,Blackburn,2,1,H,1,0,H,16,10,6,4,13,13,8,3,1,0,0,0,"Rennie, U. D.",2001/02
2002-01-19,Middlesbrough,Bolton,1,1,D,1,0,H,11,7,3,4,16,17,2,6,1,1,0,0,"Poll, G.",2001/02
2002-01-19,Sunderland,Fulham,1,1,D,0,1,A,16,9,8,2,19,13,11,2,3,2,0,0,"Jones, P.",2001/02
2002-01-19,Tottenham,Everton,1,1,D,1,1,D,12,4,4,2,14,17,14,5,0,2,0,0,"Wilkes, C. R.",2001/02
2002-01-20,Chelsea,West Ham,5,1,H,1,0,H,22,5,15,4,13,10,6,4,3,1,0,1,"D'Urso, A. P.",2001/02
2002-01-20,Leeds,Arsenal,1,1,D,1,1,D,6,9,1,6,18,16,3,7,1,2,0,0,"Halsey, M. R.",2001/02
2002-01-21,Charlton,Aston Villa,1,2,A,0,2,A,9,7,5,3,7,11,3,2,1,1,0,0,"Styles, R",2001/02
2002-01-22,Man United,Liverpool,0,1,A,0,0,D,12,9,3,5,15,16,11,2,1,2,0,0,"Barber, G. P.",2001/02
2002-01-23,Leicester,Arsenal,1,3,A,0,2,A,3,13,2,8,12,9,7,7,2,0,0,0,"Elleray, D. R.",2001/02
2002-01-29,Bolton,Man United,0,4,A,0,2,A,15,21,4,12,10,9,1,9,0,0,0,0,"D'Urso, A. P.",2001/02
2002-01-29,Charlton,Derby,1,0,H,0,0,D,11,3,3,2,11,13,9,0,1,2,0,0,"Pugh, D.",2001/02
2002-01-29,Sunderland,Middlesbrough,0,1,A,0,1,A,18,6,8,2,12,13,15,3,0,2,0,1,"Durkin, P.",2001/02
2002-01-30,Aston Villa,Everton,0,0,D,0,0,D,8,6,2,0,14,21,5,1,1,3,0,0,"Foy, C. J.",2001/02
2002-01-30,Blackburn,Arsenal,2,3,A,2,2,D,10,9,4,5,18,21,6,2,2,2,0,1,"Gallagher, D. J.",2001/02
2002-01-30,Chelsea,Leeds,2,0,H,2,0,H,14,6,3,4,11,22,5,6,1,2,0,0,"Bennett, S. G.",2001/02
2002-01-30,Ipswich,Fulham,1,0,H,1,0,H,13,7,8,3,18,11,10,5,1,2,0,0,"Wiley, A. G.",2001/02
2002-01-30,Liverpool,Leicester,1,0,H,0,0,D,11,3,4,0,9,21,9,3,1,2,0,0,"Knight, B.",2001/02
2002-01-30,Southampton,West Ham,2,0,H,1,0,H,10,11,8,4,16,13,4,2,0,3,0,0,"Dowd, P.",2001/02
2002-01-30,Tottenham,Newcastle,1,3,A,1,0,H,8,10,6,4,8,5,5,4,1,1,0,0,"Dean, M. L",2001/02
2002-02-02,Arsenal,Southampton,1,1,D,1,0,H,14,4,4,1,13,22,4,3,2,3,0,0,"Wilkes, C. R.",2001/02
2002-02-02,Derby,Tottenham,1,0,H,1,0,H,12,7,7,3,21,8,9,6,3,2,0,0,"Rennie, U. D.",2001/02
2002-02-02,Everton,Ipswich,1,2,A,1,2,A,9,5,4,3,19,16,2,4,1,0,0,0,"Dunn, S. W.",2001/02
2002-02-02,Fulham,Aston Villa,0,0,D,0,0,D,9,15,3,9,12,14,9,4,1,2,0,0,"Messias, M. D.",2001/02
2002-02-02,Leicester,Chelsea,2,3,A,1,0,H,16,9,9,5,16,17,6,2,1,3,0,0,"Barber, G. P.",2001/02
2002-02-02,Man United,Sunderland,4,1,H,4,1,H,18,6,8,3,6,11,11,2,1,3,0,0,"Styles, R.",2001/02
2002-02-02,Newcastle,Bolton,3,2,H,2,2,D,10,10,6,6,3,9,13,6,0,0,0,0,"Elleray, D. R.",2001/02
2002-02-02,West Ham,Blackburn,2,0,H,1,0,H,13,14,6,2,10,20,5,8,2,3,0,0,"Jones, P.",2001/02
2002-02-03,Leeds,Liverpool,0,4,A,0,1,A,13,11,5,7,14,9,7,6,2,1,0,0,"Poll, G.",2001/02
2002-02-03,Middlesbrough,Charlton,0,0,D,0,0,D,7,8,3,2,17,15,5,7,1,2,0,0,"Riley, M. A.",2001/02
2002-02-09,Aston Villa,Chelsea,1,1,D,1,0,H,7,9,3,3,10,10,3,8,1,1,0,0,"Durkin, P. A.",2001/02
2002-02-09,Bolton,West Ham,1,0,H,1,0,H,4,9,3,2,11,12,4,10,1,3,0,0,"Pugh, D.",2001/02
2002-02-09,Derby,Sunderland,0,1,A,0,0,D,9,8,4,4,13,15,7,8,0,1,0,0,"Poll, G.",2001/02
2002-02-09,Fulham,Blackburn,2,0,H,1,0,H,13,10,8,6,18,15,5,2,3,2,0,1,"Halsey, M. R.",2001/02
2002-02-09,Ipswich,Liverpool,0,6,A,0,2,A,4,14,2,11,2,4,7,9,0,0,0,0,"Bennett, S. G.",2001/02
2002-02-09,Middlesbrough,Leeds,2,2,D,0,1,A,10,10,5,6,15,11,7,4,1,1,0,0,"Barry, N. S.",2001/02
2002-02-09,Newcastle,Southampton,3,1,H,3,1,H,16,11,10,4,7,8,5,4,0,1,0,0,"Knight, B.",2001/02
2002-02-09,Tottenham,Leicester,2,1,H,1,0,H,12,7,4,6,8,9,8,8,0,1,0,0,"D'Urso, A. P.",2001/02
2002-02-10,Charlton,Man United,0,2,A,0,1,A,9,10,1,5,8,9,7,5,0,1,0,0,"Wiley, A. G.",2001/02
2002-02-10,Everton,Arsenal,0,1,A,0,0,D,6,6,2,3,17,20,1,5,0,5,0,0,"Winter, J. T.",2001/02
2002-02-19,Middlesbrough,Fulham,2,1,H,1,0,H,11,10,5,5,13,14,8,10,1,2,0,0,"Gallagher, D. J.",2001/02
2002-02-23,Arsenal,Fulham,4,1,H,3,1,H,16,6,10,5,19,14,7,5,0,1,0,0,"Rennie, U. D.",2001/02
2002-02-23,Leicester,Derby,0,3,A,0,0,D,6,5,3,4,16,15,8,2,4,2,0,0,"Riley, M. A.",2001/02
2002-02-23,Liverpool,Everton,1,1,D,0,0,D,13,6,5,3,9,13,9,4,0,2,0,0,"Elleray, D. R.",2001/02
2002-02-23,Man United,Aston Villa,1,0,H,0,0,D,14,4,4,2,9,9,9,2,0,0,0,0,"Winter, J. T.",2001/02
2002-02-23,Southampton,Bolton,0,0,D,0,0,D,8,4,2,2,17,9,6,6,1,3,1,0,"Wolstenholme, E. K.",2001/02
2002-02-23,West Ham,Middlesbrough,1,0,H,0,0,D,12,7,8,4,17,11,12,3,2,5,0,1,"Foy, C. J.",2001/02
2002-02-24,Leeds,Charlton,0,0,D,0,0,D,14,9,2,2,12,17,9,2,0,3,0,0,"Dean, M. L",2001/02
2002-02-24,Sunderland,Newcastle,0,1,A,0,0,D,11,13,4,5,19,16,5,11,3,1,0,0,"Barber, G. P.",2001/02
2002-03-02,Aston Villa,West Ham,2,1,H,1,1,D,10,4,7,3,12,19,9,4,0,1,0,0,"Barber, G. P.",2001/02
2002-03-02,Bolton,Blackburn,1,1,D,1,0,H,11,6,5,3,22,11,7,5,1,0,0,1,"Durkin, P. A.",2001/02
2002-03-02,Charlton,Chelsea,2,1,H,0,0,D,9,4,6,2,13,13,5,4,2,1,0,0,"Poll, G.",2001/02
2002-03-02,Fulham,Liverpool,0,2,A,0,1,A,11,10,5,4,13,14,8,4,3,2,0,0,"Wiley, A. G.",2001/02
2002-03-02,Ipswich,Southampton,1,3,A,0,0,D,8,5,4,4,9,5,4,3,0,1,0,0,"Halsey, M. R.",2001/02
2002-03-02,Middlesbrough,Leicester,1,0,H,1,0,H,11,6,7,1,17,15,5,6,2,4,0,0,"Wolstenholme, E. K.",2001/02
2002-03-02,Newcastle,Arsenal,0,2,A,0,2,A,13,9,6,6,17,17,5,8,0,1,0,0,"Barry, N. S.",2001/02
2002-03-02,Tottenham,Sunderland,2,1,H,1,1,D,17,7,7,2,5,8,5,5,0,1,0,0,"Styles, R.",2001/02
2002-03-03,Derby,Man United,2,2,D,1,1,D,12,22,7,9,12,13,4,10,2,0,0,0,"Dunn, S. W.",2001/02
2002-03-03,Everton,Leeds,0,0,D,0,0,D,12,7,7,3,9,21,3,4,1,2,0,1,"D'Urso, A. P.",2001/02
2002-03-05,Arsenal,Derby,1,0,H,0,0,D,17,0,8,0,13,16,9,1,1,2,0,0,"Barber, G. P.",2001/02
2002-03-05,Blackburn,Aston Villa,3,0,H,1,0,H,21,6,9,4,11,15,5,5,1,2,0,0,"Bennett, S. G.",2001/02
2002-03-05,Sunderland,Bolton,1,0,H,1,0,H,11,10,4,4,13,14,1,7,2,1,0,0,"Poll, G.",2001/02
2002-03-06,Chelsea,Fulham,3,2,H,2,1,H,14,12,8,6,12,12,3,5,1,0,0,0,"Jones, P.",2001/02
2002-03-06,Leeds,Ipswich,2,0,H,0,0,D,11,9,7,3,11,15,7,5,1,3,0,0,"Gallagher, D. J.",2001/02
2002-03-06,Liverpool,Newcastle,3,0,H,1,0,H,23,11,11,2,8,13,5,6,0,0,0,0,"Winter, J. T.",2001/02
2002-03-06,Man United,Tottenham,4,0,H,2,0,H,25,7,14,2,6,13,14,3,2,3,0,1,"Riley, M. A.",2001/02
2002-03-06,Southampton,Middlesbrough,1,1,D,1,0,H,9,4,4,1,17,12,13,1,1,1,0,1,"Rennie, U. D.",2001/02
2002-03-06,West Ham,Everton,1,0,H,0,0,D,16,6,6,2,8,13,10,3,0,2,0,0,"Knight, B.",2001/02
2002-03-09,Leicester,Charlton,1,1,D,1,1,D,10,11,5,6,15,16,11,5,1,3,0,0,"Wilkes, C. R.",2001/02
2002-03-13,Blackburn,Ipswich,2,1,H,2,0,H,11,6,7,3,24,17,9,2,3,2,0,0,"Dowd, P.",2001/02
2002-03-13,Chelsea,Tottenham,4,0,H,1,0,H,24,5,13,0,10,14,6,3,1,3,0,1,"Wiley, A. G.",2001/02
2002-03-16,Bolton,Derby,1,3,A,0,1,A,6,3,2,2,13,13,7,3,0,0,1,0,"Elleray, D. R.",2001/02
2002-03-16,Chelsea,Sunderland,4,0,H,1,0,H,12,8,7,3,8,13,6,3,2,2,0,0,"Knight, B.",2001/02
2002-03-16,Everton,Fulham,2,1,H,2,0,H,5,11,2,5,16,15,0,11,2,4,1,0,"Barber, G. P.",2001/02
2002-03-16,Middlesbrough,Liverpool,1,2,A,0,1,A,15,8,5,7,10,12,7,3,0,2,0,0,"D'Urso, A. P.",2001/02
2002-03-16,Newcastle,Ipswich,2,2,D,0,0,D,20,7,8,4,11,15,12,3,1,1,0,0,"Riley, M. A.",2001/02
2002-03-16,Southampton,Leicester,2,2,D,1,2,A,9,6,5,4,15,13,6,2,0,3,0,0,"Dean, M. L",2001/02
2002-03-16,West Ham,Man United,3,5,A,2,2,D,10,14,3,9,13,8,3,3,2,2,0,0,"Halsey, M. R.",2001/02
2002-03-17,Aston Villa,Arsenal,1,2,A,1,0,H,8,6,3,3,10,12,10,2,1,2,0,0,"Dunn, S. W.",2001/02
2002-03-17,Leeds,Blackburn,3,1,H,2,0,H,18,15,8,8,15,16,4,4,2,1,0,0,"Poll, G.",2001/02
2002-03-18,Tottenham,Charlton,0,1,A,0,0,D,13,10,5,4,5,13,4,6,1,0,0,0,"Winter, J. T.",2001/02
2002-03-23,Charlton,Bolton,1,2,A,0,2,A,6,6,4,4,15,17,4,1,1,2,0,0,"Foy, C. J.",2001/02
2002-03-23,Derby,Everton,3,4,A,0,1,A,12,8,4,7,12,21,8,0,2,3,0,0,"Barry, N. S.",2001/02
2002-03-23,Ipswich,Aston Villa,0,0,D,0,0,D,13,6,3,2,15,12,8,6,1,2,0,0,"Pugh, D.",2001/02
2002-03-23,Leicester,Leeds,0,2,A,0,2,A,11,12,5,8,12,10,8,7,2,2,0,0,"Dunn, S. W.",2001/02
2002-03-23,Man United,Middlesbrough,0,1,A,0,1,A,18,5,4,3,9,11,6,2,4,2,0,0,"Bennett, S. G.",2001/02
2002-03-23,Sunderland,Southampton,1,1,D,0,0,D,10,14,7,8,10,14,3,8,2,3,0,0,"Messias, M. D.",2001/02
2002-03-24,Fulham,Tottenham,0,2,A,0,2,A,9,11,3,4,16,13,4,6,2,2,0,0,"Durkin, P. A.",2001/02
2002-03-24,Liverpool,Chelsea,1,0,H,0,0,D,8,10,4,1,17,13,5,3,1,1,0,0,"Halsey, M. R.",2001/02
2002-03-29,Newcastle,Everton,6,2,H,2,2,D,18,7,9,4,5,8,4,1,0,3,0,0,"Poll, G.",2001/02
2002-03-30,Arsenal,Sunderland,3,0,H,3,0,H,13,13,10,5,8,17,5,4,0,3,0,0,"Durkin, P. A.",2001/02
2002-03-30,Bolton,Aston Villa,3,2,H,2,2,D,9,9,6,3,16,13,2,5,3,1,0,0,"Styles, R.",2001/02
2002-03-30,Chelsea,Derby,2,1,H,0,0,D,13,2,6,1,13,10,6,3,3,4,0,0,"Dean, M. L",2001/02
2002-03-30,Leeds,Man United,3,4,A,1,3,A,16,13,11,7,10,9,2,3,1,2,0,0,"Elleray, D. R.",2001/02
2002-03-30,Leicester,Blackburn,2,1,H,1,0,H,9,12,6,4,12,24,6,6,0,1,0,0,"Barber, G. P.",2001/02
2002-03-30,Liverpool,Charlton,2,0,H,2,0,H,14,6,8,1,6,10,6,6,1,2,0,0,"Gallagher, D. J.",2001/02
2002-03-30,Middlesbrough,Tottenham,1,1,D,0,1,A,8,10,3,6,9,16,9,6,0,3,0,0,"Dowd, P.",2001/02
2002-03-30,Southampton,Fulham,1,1,D,1,1,D,11,7,6,2,12,17,5,8,1,1,0,0,"Winter, J. T.",2001/02
2002-03-30,West Ham,Ipswich,3,1,H,1,0,H,18,12,11,5,9,13,8,4,0,2,0,0,"Wiley, A. G.",2001/02
2002-04-01,Blackburn,Southampton,2,0,H,2,0,H,7,5,4,2,10,13,5,2,0,1,0,0,"Wilkes, C. R.",2001/02
2002-04-01,Charlton,Arsenal,0,3,A,0,3,A,5,12,5,8,7,15,9,2,2,2,0,0,"D'Urso, A. P.",2001/02
2002-04-01,Derby,Middlesbrough,0,1,A,0,1,A,7,6,4,1,14,17,7,7,1,0,0,0,"Durkin, P. A.",2001/02
2002-04-01,Everton,Bolton,3,1,H,1,0,H,10,12,5,3,8,11,5,5,1,1,1,1,"Bennett, S. G.",2001/02
2002-04-01,Fulham,West Ham,0,1,A,0,1,A,10,3,2,2,10,12,7,1,1,1,0,0,"Halsey, M. R.",2001/02
2002-04-01,Ipswich,Chelsea,0,0,D,0,0,D,9,7,5,2,6,9,6,8,0,0,0,0,"Wolstenholme, E. K.",2001/02
2002-04-01,Sunderland,Leicester,2,1,H,2,1,H,12,9,9,7,12,11,5,1,3,2,0,0,"Barry, N. S.",2001/02
2002-04-01,Tottenham,Leeds,2,1,H,2,0,H,8,17,5,8,15,12,1,7,2,0,0,0,"Rennie, U. D.",2001/02
2002-04-02,Aston Villa,Newcastle,1,1,D,1,1,D,16,6,7,1,12,15,11,2,0,0,0,0,"Dunn, S. W.",2001/02
2002-04-06,Arsenal,Tottenham,2,1,H,1,0,H,13,2,5,2,15,17,10,1,1,4,0,0,"Halsey, M. R.",2001/02
2002-04-06,Bolton,Ipswich,4,1,H,4,0,H,9,9,5,4,9,11,3,8,0,0,0,0,"Winter, J. T.",2001/02
2002-04-06,Chelsea,Everton,3,0,H,2,0,H,19,12,8,6,6,10,7,8,0,1,0,0,"Elleray, D. R.",2001/02
2002-04-06,Leicester,Man United,0,1,A,0,0,D,13,13,3,4,13,8,4,10,1,1,0,0,"D'Urso, A. P.",2001/02
2002-04-06,Middlesbrough,Aston Villa,2,1,H,1,0,H,7,12,3,9,9,15,5,8,0,0,0,0,"Barber, G. P.",2001/02
2002-04-06,Southampton,Derby,2,0,H,1,0,H,10,8,5,3,10,9,5,6,1,0,0,0,"Bennett, S. G.",2001/02
2002-04-06,West Ham,Charlton,2,0,H,2,0,H,11,18,4,8,7,9,3,13,1,4,0,0,"Riley, M. A.",2001/02
2002-04-07,Leeds,Sunderland,2,0,H,1,0,H,14,8,7,0,18,14,8,4,2,1,0,0,"Jones, P.",2001/02
2002-04-08,Newcastle,Fulham,1,1,D,1,0,H,7,5,4,3,16,10,6,2,1,0,0,0,"Wiley, A. G.",2001/02
2002-04-10,Blackburn,Chelsea,0,0,D,0,0,D,15,8,7,2,7,13,5,5,0,0,0,0,"Dunn, S. W.",2001/02
2002-04-13,Aston Villa,Leeds,0,1,A,0,1,A,10,5,5,2,16,18,7,2,2,3,0,0,"Knight, B.",2001/02
2002-04-13,Charlton,Southampton,1,1,D,1,0,H,8,10,5,6,21,12,7,5,2,2,0,0,"Dowd, P.",2001/02
2002-04-13,Derby,Newcastle,2,3,A,0,0,D,6,15,2,9,13,11,6,2,3,1,0,0,"Styles, R.",2001/02
2002-04-13,Everton,Leicester,2,2,D,0,2,A,16,6,8,2,15,6,13,4,1,1,0,0,"Rennie, U. D.",2001/02
2002-04-13,Sunderland,Liverpool,0,1,A,0,0,D,10,10,5,5,10,11,4,3,1,2,1,0,"Gallagher, D. J.",2001/02
2002-04-13,Tottenham,West Ham,1,1,D,0,0,D,16,12,6,5,11,6,3,5,0,0,0,0,"Barry, N. S.",2001/02
2002-04-20,Bolton,Tottenham,1,1,D,0,1,A,13,10,6,4,13,15,13,3,1,3,0,0,"Messias, M. D.",2001/02
2002-04-20,Chelsea,Man United,0,3,A,0,2,A,7,6,2,5,9,6,12,5,4,1,0,0,"Barber, G. P.",2001/02
2002-04-20,Leeds,Fulham,0,1,A,0,0,D,9,7,4,4,12,16,1,4,2,3,0,0,"Styles, R.",2001/02
2002-04-20,Leicester,Aston Villa,2,2,D,1,2,A,10,16,7,11,11,15,5,4,1,0,0,0,"Poll, G.",2001/02
2002-04-20,Liverpool,Derby,2,0,H,1,0,H,13,4,5,1,8,16,9,4,0,3,0,0,"Riley, M. A.",2001/02
2002-04-20,Middlesbrough,Blackburn,1,3,A,0,1,A,8,9,2,5,15,21,7,9,3,3,1,0,"Barry, N. S.",2001/02
2002-04-20,Newcastle,Charlton,3,0,H,1,0,H,12,4,8,1,12,9,8,7,1,2,0,0,"Dean, M. L",2001/02
2002-04-20,Southampton,Everton,0,1,A,0,1,A,6,7,0,5,13,18,1,7,2,0,0,0,"Halsey, M. R.",2001/02
2002-04-20,West Ham,Sunderland,3,0,H,1,0,H,16,10,7,5,8,9,9,6,3,2,0,0,"Bennett, S. G.",2001/02
2002-04-21,Arsenal,Ipswich,2,0,H,0,0,D,20,7,8,2,9,9,14,2,1,0,0,0,"Wiley, A. G.",2001/02
2002-04-23,Blackburn,Newcastle,2,2,D,1,0,H,12,21,5,9,15,11,6,6,0,2,0,0,"Rennie, U. D.",2001/02
2002-04-23,Fulham,Bolton,3,0,H,1,0,H,12,7,7,2,5,9,3,6,0,0,0,0,"Durkin, P. A.",2001/02
2002-04-24,Arsenal,West Ham,2,0,H,0,0,D,20,5,9,1,12,13,12,2,2,2,0,0,"Dunn, S. W.",2001/02
2002-04-24,Ipswich,Middlesbrough,1,0,H,0,0,D,17,13,7,4,13,13,4,5,0,2,0,0,"D'Urso, A. P.",2001/02
2002-04-27,Aston Villa,Southampton,2,1,H,2,0,H,8,7,5,3,11,8,7,1,2,1,0,0,"Elleray, D. R.",2001/02
2002-04-27,Charlton,Sunderland,2,2,D,1,2,A,11,6,7,3,16,13,10,5,2,3,0,0,"Wolstenholme, E. K.",2001/02
2002-04-27,Derby,Leeds,0,1,A,0,1,A,9,10,1,4,12,19,5,6,2,0,0,0,"Poll, G.",2001/02
2002-04-27,Fulham,Leicester,0,0,D,0,0,D,9,4,2,2,12,15,7,2,3,4,0,0,"Yates, N",2001/02
2002-04-27,Ipswich,Man United,0,1,A,0,1,A,12,16,4,8,11,10,5,5,2,0,0,0,"Styles, R.",2001/02
2002-04-27,Middlesbrough,Chelsea,0,2,A,0,2,A,10,14,2,8,11,13,4,6,3,1,0,0,"Knight, B.",2001/02
2002-04-27,Newcastle,West Ham,3,1,H,1,1,D,16,11,5,5,10,8,8,2,1,2,0,0,"Durkin, P. A.",2001/02
2002-04-27,Tottenham,Liverpool,1,0,H,1,0,H,11,11,5,7,9,11,3,8,1,1,0,0,"Jones, P.",2001/02
2002-04-28,Everton,Blackburn,1,2,A,0,1,A,10,14,4,6,12,9,9,5,2,2,0,0,"Winter, J. T.",2001/02
2002-04-29,Bolton,Arsenal,0,2,A,0,2,A,7,8,1,4,10,8,7,3,0,0,0,0,"Gallagher, D. J.",2001/02
2002-05-08,Liverpool,Blackburn,4,3,H,2,1,H,15,9,7,7,9,12,8,7,1,1,0,0,"Wiley, A. G.",2001/02
2002-05-08,Man United,Arsenal,0,1,A,0,0,D,9,5,3,2,21,16,6,5,4,2,0,0,"Durkin, P. A.",2001/02
2002-05-11,Arsenal,Everton,4,3,H,2,2,D,17,14,6,6,7,5,4,3,0,0,0,0,"Halsey, M. R.",2001/02
2002-05-11,Blackburn,Fulham,3,0,H,0,0,D,17,6,13,2,13,7,2,7,3,0,0,0,"Foy, C. J.",2001/02
2002-05-11,Chelsea,Aston Villa,1,3,A,0,1,A,15,15,6,11,14,18,7,6,0,1,0,0,"Bennett, S. G.",2001/02
2002-05-11,Leeds,Middlesbrough,1,0,H,0,0,D,19,7,5,3,13,15,8,8,2,0,0,0,"Rennie, U. D.",2001/02
2002-05-11,Leicester,Tottenham,2,1,H,0,0,D,10,13,6,6,5,6,6,9,0,0,0,0,"Elleray, D. R.",2001/02
2002-05-11,Liverpool,Ipswich,5,0,H,2,0,H,15,7,8,2,13,5,0,7,0,0,0,0,"Dunn, S. W.",2001/02
2002-05-11,Man United,Charlton,0,0,D,0,0,D,13,11,6,6,8,7,7,4,2,0,0,0,"Poll, G.",2001/02
2002-05-11,Southampton,Newcastle,3,1,H,2,0,H,7,16,3,8,15,11,3,6,0,1,1,0,"D'Urso, A. P.",2001/02
2002-05-11,Sunderland,Derby,1,1,D,1,0,H,26,5,12,3,11,14,4,2,0,1,0,0,"Wiley, A. G.",2001/02
2002-05-11,West Ham,Bolton,2,1,H,1,0,H,17,10,10,4,9,13,9,5,2,1,0,0,"Dean, M. L",2001/02
